[
    {
        "hora": [
            "00h",
            "01h",
            "02h",
            "03h",
            "04h",
            "05h",
            "06h",
            "07h",
            "08h",
            "09h",
            "10h",
            "11h",
            "12h",
            "13h",
            "14h",
            "15h",
            "16h",
            "17h",
            "18h",
            "19h",
            "20h",
            "21h",
            "22h",
            "23h"
        ]
    },
    {
        "NS": [
            "0%",
            "10%",
            "15%",
            "18%",
            "70%",
            "85%",
            "100%",
            "10%",
            "15%",
            "18%",
            "70%",
            "85%",
            "100%",
            "10%",
            "15%",
            "18%",
            "70%",
            "85%",
            "100%",
            "10%",
            "15%",
            "18%",
            "70%",
            "85%"
        ]
    },
    {
        "tme": [
            "574",
            "473",
            "529",
            "560",
            "266",
            "447",
            "243",
            "541",
            "524",
            "225",
            "266",
            "177",
            "327",
            "222",
            "530",
            "297",
            "335",
            "503",
            "419",
            "321",
            "371",
            "375",
            "260",
            "447"
        ]
    },
    {
        "tma": [
            "324",
            "399",
            "185",
            "468",
            "290",
            "356",
            "368",
            "439",
            "343",
            "497",
            "434",
            "513",
            "564",
            "522",
            "333",
            "406",
            "184",
            "533",
            "467",
            "274",
            "302",
            "312",
            "403",
            "295"
        ]
    },
    {
        "HC\r": [
            "76\r",
            "193\r",
            "141\r",
            "89\r",
            "162\r",
            "8\r",
            "280\r",
            "76\r",
            "235\r",
            "285\r",
            "173\r",
            "125\r",
            "169\r",
            "206\r",
            "251\r",
            "166\r",
            "102\r",
            "94\r",
            "10\r",
            "29\r",
            "245\r",
            "87\r",
            "204\r",
            "85\r"
        ]
    }
]